beta,mean_accuracy_no_preprocess,mean_accuracy_clahe,delta_pp
0.300000,79.570312,78.750000,-0.820312
0.200000,79.560547,78.886719,-0.673828
0.100000,79.531250,79.062500,-0.468750
