beta,mean_accuracy_no_preprocess,mean_accuracy_clahe,delta_pp
0.300000,79.570312,79.345703,-0.224609
0.200000,79.560547,79.306641,-0.253906
0.100000,79.531250,79.335938,-0.195312
